{
  "keywords": [

    {
      "NAMES": [
        "Aetherial",
        "벚나비"
      ],
      "DESCRIPTION": "충분한 #y벚꽃 또는 #y나비 중첩을 보유하고 있다면, 추가 효과를 발동합니다."
    },

    {
      "NAMES": [
        "Aethercharge",
        "명혼"
      ],
      "DESCRIPTION": "#y엘리트 몬스터를 처치하면 얻는 자원입니다. 최대 보유량은 #b6 이며, 특정 #y유물이 명혼 중첩을 사용합니다."
    },

    {
      "NAMES": [
        "Phantasm",
        "환상"
      ],
      "DESCRIPTION": "#y환상 은 #y벚꽃 과 #y나비 중첩의 합으로, 다양한 카드의 효과를 계산하는 데 사용됩니다."
    },

    {
      "NAMES": [
        "Sakura",
        "벚꽃"
      ],
      "DESCRIPTION": "#y벚나비 카드를 사용하는 데 필요한 자원으로, 매 턴 처음으로 사용한 카드가 #y공격 이라면 벚꽃을 획득합니다."
    },

    {
      "NAMES": [
        "Butterfly",
        "나비"
      ],
      "DESCRIPTION": "#y벚나비 카드를 사용하는 데 필요한 자원으로, 매 턴 처음으로 사용한 카드가 #y스킬 이라면 벚꽃을 획득합니다."
    },

    {
      "NAMES": [
        "Moribund","사령"
      ],
      "DESCRIPTION": "보유한 사령 중첩 #b2 마다, 공격 피해량이 #b2 감소하여 최대 #b5 까지 감소합니다. #y사령 이 부여된 적이 죽으면, 당신의 체력이 #5 회복됩니다."
    },

    {
      "NAMES": [
        "Unearthly","회혼"
      ],
      "DESCRIPTION": "이 카드가 소멸되면, 소멸 카드 더미의 무작위 카드 1 장을 손으로 가져옵니다. 이 효과로 가져온 카드는 휘발성 효과가 부여됩니다."
    },

    {
      "NAMES": [
        "Sequential","절차"
      ],
      "DESCRIPTION": "이 카드를 사용하면, 이 카드의 다음 단계에 해당하는 카드를 뽑을 카드 더미에 넣습니다."
    },

    {
      "NAMES": [
        "Ending","강제"
      ],
      "DESCRIPTION": "이 카드를 사용하면, 내 턴을 즉시 종료합니다."
    },

    {
      "NAMES": [
        "Delicate",
        "환몽"
      ],
      "DESCRIPTION": "사용하거나 이 카드가 버려질때 환몽의 효과가 발동합니다."
    },

    {
      "PROPER_NAME": "약한 적",      
        "NAMES": ["약한\u00A0적","약한_적"],
      "DESCRIPTION": "#b하수인, #y엘리트, #r보스 가 아닌 적들을 뜻합니다."
    }
  ]
}