{
  "Character_Yuyuko_UI": {
    "TEXT": [
      "오래전에 사라진 사이교우지 가문의 유령 같은 전 가주이자 죽음을 다루는 능력자입니다. 그녀는 현재 알 수 없는 이유로 첨탑을 등반하고 있습니다...",
      "망령 공주",
      "사이교우지 유유코",
      "이 앞이 망자들이 향하는 환생의 지역인가?",
      "네가... 네가 이 곳을 타락시킨 근원이지?"
    ]
  },

  "FutureLifeHB":{
    "TEXT": [
      "환생",
      "현재 손패에 #y환생 카드가 #b",
      "  장 있습니다. 턴 종료시, 적 전체의 체력을 #b",
      " 감소시킵니다."
    ]
  },

  "FanShowHB":{
    "TEXT": [
      "명혼",
      "#y명계 부채에 저장된 이 초월적인 에너지는 [#e600e6]유유코[] 의 전용 유물을 통해 활용될 수 있습니다. #r엘리트 전투에서 승리할 때마다, 명혼 중첩이 #b1 증가합니다. 현재 명혼을 #b",
      " 개 보유하고 있습니다. NL #r경고: #y명계 #y부채 유물을 잃거나 교환한다면, #y명혼 시스템이 잘못 작동할 수 있습니다!"
    ]
  }
}