{
  "LostSoulsEvent_Pink": {
    "NAME": "첨탑 속의 길 잃은 영혼들",
    "DESCRIPTIONS": [
      "명계에서 사라진 \"요괴벚꽃\" - #r사이교우아야카시 에 대한 조사가, 당신을 이 곳으로 이끌었습니다. 당신의 직감은 그것이 이 첨탑의 높은 곳에 거주하고 있음을 알려줍니다. NL NL 사이교우아야카시의 행방을 확인하기 위해서는, 당신의 힘을 잘 활용해야 겠다는 생각을 하게 됩니다.",
      "당신은 첨탑을 돌아다니는 영혼들을 ~수없이~ 느끼고 있습니다. 그들 중 많은 영혼들이 전생에서의 #b강력한 #b의지를 품고 있습니다. NL NL 명계의 관리자로서, 이 영혼들이 매우 비정상적인 상태로 존재한다는 것을 느낍니다. 그들을 #y탐색하는 것은 #r위험이 따를 것입니다. NL NL 당신은 생각에 잠깁니다 :",
      "더욱 강력한 힘을 발휘하자, #b대부분의 #b영혼이 마치 #y~삼켜진~ #y~것처럼~ #r강력한 #r존재의 몸 안으로 모여들고 있음을 느낄 수 있습니다. NL NL 영혼이 존재하는 위험, 즉 그들의 에너지로 인해 과부하가 걸릴 가능성을 고려하더라도, 이러한 영혼을 담을 그릇이 필요하다고 판단합니다.",
      "당신은 이 #y첨탑의 #y바닥에서 출발하여 정상적으로 상승해나간다면, 어디선가 뭉쳐있는 영혼들을 찾을 수 있을 것이라고 믿습니다. NL NL 따라서 당신은 이 문제를 더 이상 조사할 필요가 없다고 생각했습니다.",
      "당신은 그 자리를 떠나며 등반을 시작했습니다..."
    ],
    "OPTIONS": [
      "[추가 조사를 시작한다]",
      "[영혼을 담는 그릇을 제작한다] #g유물을 #g얻습니다 : #g[영혼 #g그릇] ",
      "[조사하지 않는다]",
      "[계속]",
      "[떠나기]"
    ]
  },

  "SpiritualErosion_Pink": {
    "NAME": "정신 침식",
    "DESCRIPTIONS": [
      "첨탑의 두 번째 층에 도착했을 때, #b당신 #b안의 #b무언가가 ~변화하는~ 것을 느낍니다. NL NL An #p불가사의하고 #p사악한 #p의지가 부풀어오르며, 점차 당신의 몸을 #r장악해나가며 #r약화시키고 있습니다. NL NL 당장 이 현상에서 어떻게든 #g벗어날 방법을 찾아야합니다.",
      "당신은 앞서 불러냈던 영혼의 그릇이 특정 방향을 가리키며 @박동@ 하는 것을 보았습니다. 곧 당신은 그릇이 안내하는 길로 따라갑니다. NL NL 그 길의 끝에는, 혼자 떨어져있는 #y독특한 #y나비 가 있었습니다. 이 영혼의 흔적은 ... 틀림없습니다. 이것이 #r사이교우아야카시 의 ~현현~ 입니다. 그것에 다가가자, 당신 안의 #p사악한 #p의지가 #g사라져가는 것을 느낍니다.",
      "지금은 기분이 나아졌지만, 분명 이것이 오래 가지 않을 것입니다. 당신은 이 #p사악한 #p의지가 첨탑의 꼭대기에 도사리는 #r존재에게서 비롯되어, 당신의 영혼을 #r갉아먹고 #r타락시킨다는 결론을 내렸습니다. NL NL 이제 당신의 목표는 분명해졌습니다. 이 타락의 근원을 가능한 한 빨리 제거해야 합니다.",
      "당신은 최선을 다해 저항하지만, 이 #p의지의 #r순수한 #r악의가 당신의 @머릿속으로@ @밀려들어옵니다@ . NL 이 상태가 계속된다면, 머지않아 당신 자신도 #r그 #r의지에 #r잡아먹힐 것이라는 생각이 들었습니다. NL NL 당신은 이 #p악의적인 #p의지에 저항하기 위해 순간적으로 힘을 #r과하게 #r소진하고 말았습니다.  하지만 이것이 장기적인 해결책이 아니란걸 알고 있습니다. 이 타락의 근원을 가능한 한 빨리 제거해야 합니다."
    ],
    "OPTIONS": [
      "[길을 개척한다]",
      "[받아가기] #g유물을 #g얻습니다 : #g[길 #g잃은 #g나비] ",
      "[저항] #r최대 #r체력이 #r20% #r감소합니다.",
      "[떠나기]"
    ]
  },

  "previousIncarnations_Pink": {
    "NAME": "전생 성찰",
    "DESCRIPTIONS": [
      "첨탑의 세 번째 층에 들어선 순간, 멀리서 당신과 #y완전히 #y똑같이 #y생긴 신비로운 인물을 발견하게 됩니다. NL NL 이 신비로운 인물을 본 기억은 없지만, 그녀가 마치 #b당신 #b자신인 것처럼 #y매우 #y친숙한 느낌이 듭니다.",
      "신비로운 형상이 탑 꼭대기 - 수많은 [#e600e6]벚꽃[] [#e600e6]나무[] 가 만발한 곳을 말없이 가리키고 있는 것을 봅니다. NL NL 순식간에 밀려오는 기억과 이미지의 홍수에 @압도됩니다@ . 그리고 깨닫습니다. 세상에. 저 형상... 바로 #r당신이었습니다. 아니, 당신의 전생의 시절이었습니다! NL NL 다시 집중하는 순간, 기억 속에는 형언할 수 없는 #y구멍이 남아 있는 듯한 기분입니다.",
      "모든 영혼은 #y환생을 갈망합니다. - 마음속으로는 이것이 사실이라는 것을 알고 있습니다. NL NL 당신의 의식은 점차 또 다른 ~기억의~ ~물결에~ ~휩쓸립니다...~ "
    ],
    "OPTIONS": [
      "[계속] #g유물을 #g얻습니다 : #g[환생 #g집착의 #g검] ",
      "[계속 전진한다...]"
    ]
  },

    "TheEnd_Yuyuko_Pink": {
    "NAME": "광기의 눈을 통해",
    "DESCRIPTIONS": [
      "당신의 존재를 감지한, #y친숙한 #y여성이 당신에게 접근합니다.",
      "그녀에 대한 #y중요한 #y무언가를 기억해내려고 하는 순간, 갑자기 당신의 내면에 있던 #p사악한 #p의지가 다시 한 번 당신을 #r사로잡기 #r시작합니다! NL NL  @귀청이@ @터질 @듯한@ 당신의 #r심장 #r박동 소리가 곧 당신의 명확한 목표를 알려주기 시작합니다... NL NL #p첨탑의 #p꼭대기로 #p향해라. #p환생의 #p땅으로 #p향해라. NL NL @누구도@ @널@ @꺾지@ @못하리라.@",
      "끝없는 어둠을 가르는 새벽의 불꽃처럼, 당신은 눈앞에 있는 그 인물이 #y누구인지 #y깨닫습니다. NL 당신은 #b진심어린 #b재회를 맞이합니다. 마음속에는 아주 작은 의심이 남아 있지만, 당신은 그것을 떨쳐냅니다. 이제 #p악의적인 #p의지의 손아귀에서 벗어났기 때문입니다. NL NL 의심의 여지 없이, 첨탑의 만연한 타락은 더 이상 #g당신에게 #g영향을 #g미칠 #g수 #g없습니다. 당신은 마지막으로 대면할 #r타락의 #r근원과 마주할 준비를 하며 마음을 단단히 먹습니다."
    ],
    "OPTIONS": [
      "[계속]",
      "[공격한다]",
      "[친구의 축복을 받아들인다]",
      "[끝이 보인다.]"
    ]
  },

  "BigFish_Yuyuko_Pink": {
    "NAME": "월척",
    "DESCRIPTIONS": [
      "당신은 긴 복도를 따라 걷다가 허공에 ~떠있는~ #y바나나, #y도넛, 그리고 #y상자 를 발견했습니다. 이런... 자세히 살펴보니 그것들은 천장의 구멍에서 나온 끈에 묶여 있습니다. 당신이 접근하자 위에서 @부스럭거리는@ 소리가 들려옵니다. NL 무엇을 할 건가요?",
      "당신은 #y바나나 를 먹었습니다..그건 영양가있고 살짝 #b마법에 걸린 것 같아서 당신을 치유합니다.",
      "당신은 #y도넛 을 먹었습니다. 끝내주는군요! 당신의 최대 체력이 증가했습니다.",
      "",
      "당신은 상자를 집었습니다. 그 안에서 당신은 #y유물 을 발견했습니다!",
      " NL 하지만 당신은 정말로 도넛이 먹고 싶었습니다... NL 당신은 ~슬픔과~ #r후회로 가득 찼습니다.",
      "당신은 #y바나나와 #y도넛 을 전부 먹었습니다... 아니, 애초에 식욕이 너무 좋아서 #y상자 안에 들어있던 나머지 음식들까지 전부 먹어치웠습니다! 그게 뭐든간에요. NL NL 이 식사는 #g매우 #g만족스러웠고, 당신은 #g활기차게 여정을 재개합니다."
    ],
    "OPTIONS": [
      "[바나나] #g체력을 #g",
      " #g회복합니다.",
      "[도넛] #g최대 #g체력 #g+",
      ".",
      "[상자] #g유물을 #g획득합니다. #r저주를 #r받습니다 #r- #r후회.",
      "[둘 다 먹고 싶은데!] #y명혼 을 1 얻고 #g최대 #g체력 #g+",
      "[떠난다]"
    ]
  },

  "Falling_Yuyuko_Pink": {
    "NAME": "추락",
    "DESCRIPTIONS": [
      "당신은 다른 부유체 위로 ~비행하며~ 날아가다가, 갑자기 ~알~ ~수~ ~없는~ ~힘~ 에 의해 , 아래쪽으로 끌어당겨지고, 균형을 잃게 됩니다. NL NL 당신은 추락하기 시작했습니다.",
      "W추락하는 동안 당신에겐 몇 개의 선택지가 있습니다: NL 당신의 뛰어난 테크닉으로 안전하게 착지하기. NL 살아남기 위해 힘을 방출하기. NL 벽에 매달리기 위한 탄막 방출.",
      "당신의 우아한 몸놀림을 통해 안전하게 착지했습니다.",
      "당신은 내재되어 있는 힘을 사용하여 다치지 않고 착지했습니다. ",
      "당신은 탄막을 방출하는 힘을 통해 벽에 매달렸으며, 안전한 곳으로 뛰어오를 수 있었습니다.",
      "당신은 깃털처럼 천천히 떨어졌으며, 그 어떤 상처도 없이 바닥에 도달했습니다."
    ],
    "OPTIONS": [
      "[계속]",
      "[착지] #r손실 #r: ",
      "[잠김] 조건: 스킬 카드",
      "[마법] #r손실 #r: ",
      "[잠김] 조건: 파워 카드",
      "[탄막] #r손실 #r: ",
      "[잠김] 조건: 공격 카드",
      "[떠난다]",
      "[착지] "
    ]
  },

  "ForgottenAltar_Yuyuko_Pink": {
    "NAME": "잊힌 제단",
    "DESCRIPTIONS": [
      "당신 앞에 잊힌 신에게 바치는 제단이 놓여있습니다. NL 제단의 꼭대기에는 화려한 장식의 여자 조각상이 팔을 쭉 뻗은 채로 놓여있습니다. NL 그녀는 희생을 요구하며, 당신을 부릅니다.",
      "우상을 살며시 제단위에 올려놓자 #b차가운 바람이 방 전체에 소용돌이칩니다. NL 조각상의 팔이 변색되면서 바스러지기 시작합니다. NL NL 당신의 #y황금 #y우상은 색이 흐릿해지면서 눈에서 피를 흘리기 시작합니다. NL 출혈은 영원히 멈추지 않습니다.",
      "당신은 제단 위에 서서 손목을 그었지만 피가 흐르지 않았습니다... 당신은 혼란스러워하며 그 자리에 서 있었습니다. 그리고 깨닫습니다. 애초에 유령인 당신이 피를 어떻게 흘릴까요? 하지만 당신이 알아차리지 못 한 것은, 조각상의 팔이 당신의 머리를 감싸기 위해 ~뻗어오는~ 것이었습니다. NL 모든 것이 어두워집니다. NL 잠시 후 당신은 깨어나 새로운 잠재력이 솟구치는 것을 느낍니다.",
      "당신 앞의 조각상을 후려갈겨 박살냈습니다. 이 방이 당신에게 주던 마법의 영향력도 부숴졌습니다. NL 어두운 울부짖음이 주변에 메아리칩니다. 그리고 #p~저주의~ #p~마법~이 뼈에 스며드는 것을 느낄 수 있습니다."
    ],
    "OPTIONS": [
      "[제물: 황금 우상] #g특별한 #g유물을 #g획득합니다. #r황금 #r우상을 #r잃습니다.",
      "[잠김] 조건: 황금 우상.",
      "[희생] #g체력을 #g",
      " #g회복합니다.",
      "[더럽힌다] #r저주를 #r받습니다. #r- #r부패."
    ]
  },

  "Ghosts_Yuyuko_Pink": {
    "NAME": "유령 의회",
    "DESCRIPTIONS": [
      "계속 올라가다 보니, #p~짙고~ #p~검은~ #p~연기~ 가 주변의 땅과 벽에서 차오르더니 가면을 쓴 세 형상으로 합쳐집니다. NL NL ~\"내가~ ~보기엔~ #y~니오우~ ~의~ ~또~ ~다른~ ~하수인인~ ~것~ ~같은데.\"~ NL #r@\"동의하네!@ #r@그녀는@ #r@항상@ #r@재미난@ #r@장난감을@ #r@만든단@ #r@말이지!\"@ NL NL 당신은 세 번째 존재가 지나칠 정도로 큰 미소를 짓는 걸 알아챕니다. NL \"다른 자들은 신경쓰지 말게... 우리의 #y~힘~ 을 맛보고 싶은가?\" ",
      "",
      " ~\"잠깐...~ ~넌~ ~설마...?\"~ NL NL 당신은 가면 뒤에서도 느낄 수 있는 세 존재의 시선을 느낍니다. NL 당신은 손을 뻗어 그들을 부릅니다. 그들에게 당신을 따라 명계로 간다면 그들이 원하는 안식을 주겠다고 제안합니다. NL 그들이 당신의 형체 속으로 합쳐지자, 당신은 계속해서 나아가며, 아주 약간의 #p공허함을 느낍니다.",
      "\"정말 실망스럽군...\" NL ~\"넌~ ~늦든~ ~빠르든~ ~우리와~ ~함께하게~ ~될거야.\"~ NL #r@\"하@ #r@하@ #r@하@ #r@하하하하!\"@ NL NL 그 형상들은 점차 사라졌지만, 웃음소리는 귀에 계속 맴돕니다.",
      ""
    ],
    "OPTIONS": [
      "[승낙] #g영체화 #g카드 #g5장 #g획득. #r최대 #r체력을 #r",
      " #r잃습니다.",
      "[거절]",
      "[승낙] #g영체화 #g카드 #g3장 #g획득. #r최대 #r체력을 #r",
      "",
      "[떠난다]"
    ]
  },

  "KnowingSkull_Yuyuko_Pink": {
    "NAME": "뭐든지 아는 해골",
    "DESCRIPTIONS": [
      "당신은 장식으로 꾸며진 낡은 방에 들어섭니다. 화려하게 장식된 받침대 위에 놓여진 커다란 해골이 방 한가운데에 있습니다. 가까이 다가가자 해골이 #g@갑자기@ #g@불꽃을@ #g@내뿜으며@ 당신을 바라봅니다.",
      "\"무엇을 구하는가? 무엇을 바칠 것인가?\" NL 해골이 말을 마침과 동시에 뒤에 있던 문이 @쾅@ @닫힙니다.@",
      "당신은 #y수상한 #y형체 를 발견합니다. NL NL \"더 필요한 건 없나?\"",
      " ",
      "\"마시거라!\" NL 당신은 포션을 얻었습니다.",
      "\"이것은 어떤가?\" NL 당신은 카드를 얻었습니다.",
      "\"알겠다.\" NL #y골드가 당신 위로 쏟아집니다!",
      "\"뒤쪽이다, 혼령이여.\" NL 해골의 뒤를 슬쩍 보자 아니나 다를까 문이 있군요. NL NL 당신이 떠날 때, 해골 안의 영혼은 당신이 방문한 이유가 무엇인지 알 수 없다는 투로 중얼거렸습니다. \"저 여자가 여긴 도대체 왜 온거지...?\""
    ],
    "OPTIONS": [
      "[계속]",
      " #r잃습니다.",
      "[정보?] #g보스를 #g보여줍니다. #r체력을 #r",
      "[성공?]  #g무색 #g카드를 #g얻습니다. #r체력을 #r",
      "[정신자극제?] #g포션을 #g얻습니다. #r체력을 #r",
      "[재물?] #g골드를 #g",
      " #g획득합니다. #r체력을 #r",
      "[어떻게 나가죠?] #r체력을 #r",
      "[떠난다]"
    ]
  },

  "Vampires_Yuyuko_Pink": {
    "NAME": "흡혈귀(?)",
    "DESCRIPTIONS": [
      "불이 밝혀지지 않은 어두운 거리로 나아가자, 어두운 의식을 치르고 있는 후드를 눌러쓴 자들이 몇몇 보입니다. NL NL 가까이 접근하자, 익숙한 인물이 보입니다... #y금발 머리에 #r붉은 옷을 입은 소녀, #r홍마 #r자매 중 #y여동생 쪽이었습니다. 그녀는 후드를 쓴 인물들에게 무언가를 요구하는 듯합니다. NL NL 당신은 선택지를 고려합니다...",
      "멀리서 조용히 관찰합니다. 후드를 쓴 인물 중 한 명이 무언가를 외치기 시작하고, 모두 #y금발 소녀의 앞에 엎드려 #y숭배하는 듯한 자세를 취합니다. NL NL 잠시 후, 후드를 쓴 인물들이 일어서는 동안 #y금발의 소녀는 날아갑니다. 당신은 그들에게 다가가 정보를 요청하지만, 그들이 갑자기 당신을 향해 돌아섭니다. NL NL 당신은 그들의 얼굴이 점점 #r@광기로@ 물드는 것을 알아차립니다...",
      "당신은 조용히 물러납니다. 그들의 주의를 끌지 않도록 말이죠. 얼마 후, 당신은 다시 혼자 남게 됩니다.",
      "전투의 먼지가 가라앉자, 당신은 후드를 쓴 인물들의 시체를 수색하며 그 과정에서 #g흥미로운 물품들을 발견합니다."
    ],
    "OPTIONS": [
      "[잠시 관찰한다]",
      "[전투 준비]",
      "[떠나야겠어] ",
      "[떠나기]",
      "[시신 수색]"
    ]
  },

  "Nest_Yuyuko_Pink": {
    "NAME": "둥지",
    "DESCRIPTIONS": [
      "길게 줄지어 늘어선 #b~모자를~ #b~눌러쓴~ #b~무리~ 가 #p알려지지 #p않은 #p대성당 으로 들어서는 것이 보입니다.",
      "당신은 자연스럽게 그 줄에 합류했으며, 곧바로 #r광신자 들에게 둘러싸이게 됩니다! NL 그들은 당신은 신경쓰지 않은 채 활기차게 @구호@ 를 외치고 그들의 무기를 사방으로 ~흔듭니다~. NL NL #r@\"죽여라!!@ #r@죽여라@ #r@죽여라!!\"@ NL #b~\"까악~ #b~까악~ #b~까아아아아아악!\"~ NL #r@\"죽여라!@ #r@죽여라@ #r@죽여라!!\"@ NL #b~\"까아악~ #b~까악~ #b~까아아아아아악!!\"~ NL NL 당신의 시선은 #y기부금 #y상자 를 향합니다...",
      "당신은 무슨 일이 일어날지 지켜보기 위해 줄을 서기로 합니다. NL NL 결국, 당신은 지도자와 직접 마주하게 됩니다. 멋진 옷을 입은 광신자가 당신의 손에 #y화려하게 #y장식된 #y단검 을 쥐어줍니다. 당신은 이전의 다른 이들과 마찬가지로, 자신의 팔뚝을 베었지만... 당신은 유령이므로, 당신의 상처에선 피가 흘러나오지 않았습니다. NL NL 광신자들이 @함성을@ 지르고 @위협하며@ 소리 지르기 시작합니다!~ NL NL 당신은 주위를 둘러보며 광신도들의 적대감을 느낍니다. 그들의 눈에서 #r@살의를@ 느꼈습니다...",
      "그들은 눈치조차 채지 못했습니다.",
      "당신을 습격할 만큼 #r어리석은 몇몇 광신도들의 영혼을 명계로 인도한 후, 당신은 나머지 광신도들이 소란 속으로 도망친 것을 알아차렸습니다. NL NL 위를 둘러보니, 땅에 #g골동품이 놓여 있는 것을 발견합니다. 그들이 당신의 분노를 피하기 위해 서둘러 두고 간 게 확실합니다."
    ],
    "OPTIONS": [
      "[줄에 서 있는다]",
      " #r체력 #r손실.",
      "[깨부수고 탈취한다] #g골드를 #g",
      " #g획득합니다.",
      "[떠난다]",
      "[계속]"
      "[전투를 준비한다] #r어려운 #r전투에 #r진입합니다.",
      "[조심히 수색한다]"
    ]
  },


  "FaceTrader_Yuyuko_Pink": {
    "NAME": "얼굴 상인",
    "DESCRIPTIONS": [
      "당신은 가면 여럿을 들고 있는 으스스한 동상 옆을 지나갑니다... NL 당신 뒤에서 무언가가 조용히 속삭입니다, NL ~\"멈춰.\"~",
      "당신이 동상을 향해 몸을 돌려보니 동상이 당신을 바라보고 있었습니다! NL 좀 더 자세히 살펴보니, 조각상이 아니라 조각상처럼 생긴 수척한 사람이었습니다. 숨은 쉬고 있는 걸까요? NL NL ~\"얼굴.~ ~만지게~ ~해주지~ ~않겠나?~ ~아니면~ ~거래는?\"~",
      "~\"보상?~ ~보상.\"~ NL 그가 깔끔하게 정돈된 #g골드 더미를 당신의 주머니에 기계적으로 넣어줍니다. NL NL ~\"아주~ ~멋진~ ~얼굴이야.~ ~멋진~ ~얼굴.\"~ NL 그가 당신의 뺨을 만지자, 당신은 그의 얼굴이 공포에 질려 일그러지는 것을 봅니다. 그의 생명력이 빠져나가고 있습니다! NL 그러는 동안, 그의 가면이 떨어져 산산조각이 납니다. 그는 비명을 질렀고, 가면들을 더 떨어뜨려 가면서까지 재빨리 여섯 개의 팔을 사용해 그의 얼굴을 가립니다! NL NL  그 모든 비명과 떨림 사이로, 당신은 ~조용히~ 도망칩니다. 당신의 얼굴엔 희미한 미소가 번졌습니다.",
      "~\"나랑~ ~하겠다고?~ @정말@ @나랑?@ ~오~ ~그렇군..~ ~그래.~ ~그래..~ ~으으음...\"~ NL NL 그가 주문을 외우는 듯 팔 하나가 깜빡이는 것이 보입니다. 곧 그의 손에 얼굴이 나타납니다. 하지만 그것은 바로 그 자신의 얼굴이었습니다! 그는 고통스럽게 비명을 지릅니다. NL \" #r@너!@ #r@나에게@ #r@무슨@ #r@짓을@ #r@한거냐?!@ \" NL NL 그의 순간적인 고통을 틈타 당신은 그의 가면 하나를 낚아채고 나갑니다.",
      "~\"멈춰.~ ~멈춰.~ ~멈춰.~ ~멈춰.~ ~멈춰.\"~ NL NL 아마 이게 옳은 결정이겠지요."
    ],
    "OPTIONS": [
      "[만진다] #g골드를 #g",
      " #g얻습니다.",
      "[거래] #g50%: #g좋은 #g얼굴. #r50%: #r나쁜 #r얼굴.",
      "[떠난다]",
      "[계속]"
    ]
  },


  "NoteForYourself_Yuyuko_Pink": {
    "NAME": "자신을 위한 기록",
    "DESCRIPTIONS": [
      "당신은 기둥 속에 느슨하게 빠져있는 벽돌을 발견합니다.",
      "안쪽에 있는 접혀있는 쪽지와 #y카드 를 발견합니다. 쪽지에는 다음과 같은 말이 쓰여 있었습니다. NL \"환생이 기다리고 있다.\"  NL NL 이 글씨는 당신의 필체입니다.",
      "보관할 카드를 선택하십시오.",
      "대체 어떻게 된 걸까요?"
    ],
    "OPTIONS": [
      "[계속]",
      "[가져간 뒤 카드를 둔다] ",
      " #g을(를) 받고 #g카드 #g1장을 #g보관합니다.",
      "[무시]",
      "[떠난다]"
    ]
  }
}