{
	"SakuraAndButterfly_Relic_Pink": {
		"NAME":"명계 부채",
		"FLAVOR":"상상할 수 없는 양의 명꼐의 에너지가 담긴 편백나무와 실로 제작된 부채입니다.",
		"DESCRIPTIONS":["엘리트 전투에 승리할 때마다, #y명혼 을 #b1 얻습니다. 이 유물을 #y마우스 #y우클릭: 카드를 #b1 장 뽑고 카드를 #b1 장 버립니다. 전투에서 1번만 발동합니다."]
	},

	"ConfusedSoul_Pink": {
		"NAME":"가주의 기억",
		"FLAVOR":"사이교우지 가문의 가주로서 해야만 하는 일에 대한 기억. \"요괴벚꽃\" - 사이교우아야카시를 봉인할 것.",
		"DESCRIPTIONS":["전투 시작시, 적 전체에게 #y사령 을 #b3 부여합니다."]
	},

	"TheExhort_Pink": {
		"NAME":"고대의 쪽지",
		"FLAVOR":"오래전의 대본에 쓰여진 이 메모들은 전생의 기억을 떠올리게 합니다",
		"DESCRIPTIONS":["#y환생 카드가 효과를 발동할 때마다, #y방어도 를 #b2 얻습니다."]
	},

	"VowsOfThePast_Pink": {
		"NAME":"유구한 맹세",
		"FLAVOR":"\"사이교우지 가문의 피와 이름을 바쳐 이 요괴벚꽃을 봉인한다...\"",
		"DESCRIPTIONS":["획득시, 최대 체력을 초기 값의 #r40% 에 해당하는 값으로 감소시킵니다. 전투 시작시, #y불가침 을 #b3 얻습니다."]
	},

	"TheStoryOfOrigination_Pink": {
		"NAME":"시작의 이야기",
		"FLAVOR":"이 문서는 사이교우지 가문의 상속자와 특이한 능력을 가진 한 여성의 첫 만남을 기록해놓은 것입니다. 두 사람은 그 이후 평생 친구가 되었습니다.",
		"DESCRIPTIONS":["당신의 턴 도중에 카드를 버릴 때마다, 버린 카드 1장당 무작위 적에게 피해를 #b3 줍니다."]
	},

	"TheStoryOfFight_Pink": {
		"NAME":"비극의 이야기",
		"FLAVOR":"이 문서는 요괴벚꽃, 사이교우아야카시를 봉인해두었던 사이교우지 가문의 힘을 탐내던 자들이 그들을 습격해 학살하던 당시를 기록해놓은 것입니다.",
		"DESCRIPTIONS":["#y사령 이 부여된 적을 공격할 때마다, 체력을 #b1 회복하고 방어도를 #b1 얻습니다. 매 턴 시작시, 체력을 #b2 잃습니다."]
	},

	"TheStoryOfSacrifice_Pink": {
		"NAME":"희생의 이야기",
		"FLAVOR":"이 문서는 사이교우지 상속자가 자신을 희생해 사이교우아야카시를 다시 한 번 봉인하던 순간을 기록해놓은 것입니다.",
		"DESCRIPTIONS":["#b4 번째 턴 종료시, #y환상 값만큼 #y힘 을 얻습니다."]
	},

	"TheStoryOfSaving_Pink": {
		"NAME":"환생의 이야기",
		"FLAVOR":"이 문서는 죽은 친구를 살리기 위해 기이한 능력을 사용하는 여성이 기록했습니다. 아래엔 이런 서명이 적혀있습니다 - \"야쿠모 유카리\".",
		"DESCRIPTIONS":["매 턴 시작시, 보유한 #y명혼 3중첩당, [E] 를 얻습니다."]
	},

	"TheLastStory_Pink": {
		"NAME":"결의의 이야기",
		"FLAVOR":"이 문서는 과거의 삶, 잃어버린 기억, 그리고 자신의 영혼이 더 이상 환생할 수 없을 수도 있다는 것에 대한 기록입니다. 아래엔 이런 서명이 적혀있습니다 - \"유유코\".",
		"DESCRIPTIONS":["매 턴 시작시, 보유한 #y명혼 3중첩당, 힘 과 민첩 을 1 얻습니다."]
	},

	"SoulResidue_Pink": {
		"NAME":"버림받은 영혼의 그릇",
		"FLAVOR":"이 그릇은 첨탑의 심장과 연결되어 있으며, 많은 영혼을 소비함으로써 의도치 않게 사이교우아야카시의 존재를 소환했습니다.",
		"DESCRIPTIONS":["전투 시작시, 뽑을 카드 더미의 저주를 전부 소멸시킵니다. 이 효과로 소멸 시킨 저주 카드 1장당, 뽑을 카드 더미에 #y환생 1장을 넣습니다."]
	},

	"SoulContainer_Pink": {
		"NAME":"영혼 그릇",
		"FLAVOR":"\"정말 혼자서 그 곳에 가려는거야? 그 곳에서 엄청난 오염이 느껴지는데도?\"",
		"DESCRIPTIONS":["전투 시작시, #y명혼 과 #r영혼 #r과부하 에 비례하여 #y판금 #y갑옷 을 얻지만, 받는 피해가 #b20% - #b30% 증가합니다. (승천 레벨에 따라 달라집니다)."]
	},

	"LostButterfly_Pink":{
		"NAME":"길 잃은 나비",
		"FLAVOR":"\"아무리 생각해도 이 사건은 그렇게 간단하게 해결될 일이 아닌데... 안 되겠어. 가서 살펴봐야만 해.\"",
		"DESCRIPTIONS":["획득시, 덱에 #r상처 1 장이 추가됩니다. 전투 시작시,#y버퍼 를 #b1 얻습니다. 전투 종료시, 최대 체력이 #b40 이하라면, 최대 체력이 #b1 증가합니다."]
	},

	"FutureLifeObsession_Pink": {
		"NAME":"환생 집착의 검",
		"FLAVOR":"\"반드시 그녀를 찾아서... 막아야만 해.\"",
		"DESCRIPTIONS":["이제 당신은 첨탑의 꼭대기에 존재하는 #r\"#r환생의 #r땅\" 으로 진입할 수 있게 됩니다."]
	},

	"BlessingsFromFriends_Pink": {
		"NAME":"진정한 친구의 축복",
		"FLAVOR":"\"다른 시간, 다른 장소, 더 나은 환경에서... 다시 만나자.\"",
		"DESCRIPTIONS":["획득시, 덱의 모든 저주 카드가 제거되고, 모든 카드를 강화 하며, #y이전 #y전투에서 #y잃은 만큼 최대 체력을 다시 돌려받고, 체력도 전부 회복합니다."]
	}
}
