{
  "Yakumo_Yukari_Pink": {
    "MOVES": [
      ""
    ],
    "NAME": "필사적인 사람?",
    "DIALOG": [
      "이번엔, 반드시 널 구해줄게.",
      "부탁이야, 협력해줘! 너에게 깃든 타락을 정화해야해!",
      "곧 준비 될 거야!",
      "@안@ @돼!!!@"
    ]
  },

  "YukariShowEffect": {
    "MOVES": [
      ""
    ],
    "NAME": "Steps:",
    "DIALOG": [
      "이번 턴에 이 행동을 수행하세요：",
      "카드를 #b2 장 이상 #y소멸 시키기 .",
      "",
      "적에게 부여된 #y사령 중첩이 10 이상일때, #y사령 을 부여하기.",
      "",
      "#y공격 카드를 2 장 이상 사용하기.",
      "",
      "#y스킬 카드를 3 장 이상 사용하기.",
      "",
      "#y방어도가 20 이상일때, #y방어도를 획득하기.",
      "#y환상 이 최소 #b3 이상일때, #y벚꽃 또는 #y나비 중첩 획득.",
      "손패를 꽉 채우기.",
      "#y파워 카드를 1 장 이상 사용."
    ]
  },

  "Yakumo_Yukari_friendly_Pink": {
    "MOVES": [
      "제시"
    ],
    "NAME": "든든한 친구",
    "DIALOG": [
      "시간을 꽤 많이 벌어줬어...",
      "저것이 네 털 끝조차도 건드리지 못 하고 있어... 아주 잘 하고 있어!",
      "이번 턴에 이 행동을 수행하세요：",
      "#y공격 카드 #b4 장 이상 사용",
      "#y스킬 카드 #b5 장 이상 사용.",
      "손패를 꽉 채우기.",
      "카드를 #b6 장 이상 사용.",
      "그녀가 당신의 체력을 회복해줄 것입니다."
    ]
  },

  "Finalboss_CorruptHeart_Pink": {
    "MOVES": [
      ""
    ],
    "NAME": "타락한 심장 - 영혼 포식자",
    "DIALOG": [
      " @네@ @몸과@ @영혼...@ @모두@ @나의@ @것이다!@ ",
      " @그걸로@ @내가@ @궁지에 @몰렸다고 @생각하나?@ ",
      " @약하고@ @무력한@ @것!@ @굴복해라!@ "

    ]
  }
}